{"births":0,"deaths":0,"diagnostic_steps":256,"final_population":4,"maximum_learned_weight_l1":0.048962140343855896,"plasticity_enabled":true,"seed":101,"total_update_l1":0.15510239508425952}
