{"births":2,"deaths":0,"diagnostic_steps":347,"final_population":6,"maximum_learned_weight_l1":0.057340425408161894,"plasticity_enabled":true,"seed":202,"total_update_l1":0.18361391850246103}
