{"binary_output_biases":[0.0,0.0,0.0,0.0],"records":[{"condition":"on","margins":{"drink":{"maximum":0.036971004277506145,"mean_absolute":0.020293870713807987,"minimum":-0.05392407937143433,"minimum_absolute":0.005094703869780245,"sample_count":512},"eat":{"maximum":0.08533551173441105,"mean_absolute":0.03937011694752618,"minimum":-0.0492309548038351,"minimum_absolute":0.01869588164610192,"sample_count":512},"reproduce":{"maximum":-0.03392108978295668,"mean_absolute":0.08608715056239986,"minimum":-0.18783552493919978,"minimum_absolute":0.03392108978295668,"sample_count":512},"rest":{"maximum":0.10059977323533312,"mean_absolute":0.04434963944623126,"minimum":0.012672099243389863,"minimum_absolute":0.012672099243389863,"sample_count":512}},"seed":101},{"condition":"off","margins":{"drink":{"maximum":0.036971004277506145,"mean_absolute":0.026776063537134978,"minimum":-0.05394655525690542,"minimum_absolute":0.007258303388352302,"sample_count":512},"eat":{"maximum":0.08533551173441105,"mean_absolute":0.051896873458748424,"minimum":-0.0492309548038351,"minimum_absolute":0.03455124270603926,"sample_count":512},"reproduce":{"maximum":-0.058072772643111704,"mean_absolute":0.11506535413462159,"minimum":-0.18783552493919978,"minimum_absolute":0.058072772643111704,"sample_count":512},"rest":{"maximum":0.10059977323533312,"mean_absolute":0.05890121627283801,"minimum":0.01652288759124373,"minimum_absolute":0.01652288759124373,"sample_count":512}},"seed":101},{"condition":"zero","margins":{"drink":{"maximum":0.036971004277506145,"mean_absolute":0.026776063537134978,"minimum":-0.05394655525690542,"minimum_absolute":0.007258303388352302,"sample_count":512},"eat":{"maximum":0.08533551173441105,"mean_absolute":0.051896873458748424,"minimum":-0.0492309548038351,"minimum_absolute":0.03455124270603926,"sample_count":512},"reproduce":{"maximum":-0.058072772643111704,"mean_absolute":0.11506535413462159,"minimum":-0.18783552493919978,"minimum_absolute":0.058072772643111704,"sample_count":512},"rest":{"maximum":0.10059977323533312,"mean_absolute":0.05890121627283801,"minimum":0.01652288759124373,"minimum_absolute":0.01652288759124373,"sample_count":512}},"seed":101},{"condition":"on","margins":{"drink":{"maximum":0.09465339642865654,"mean_absolute":0.025386547626993137,"minimum":-0.024132024982163453,"minimum_absolute":0.005540086629536747,"sample_count":512},"eat":{"maximum":0.08231089374413499,"mean_absolute":0.03528434124834491,"minimum":-0.05766470268192873,"minimum_absolute":0.01300900013617962,"sample_count":512},"reproduce":{"maximum":-0.057458416849983,"mean_absolute":0.10201633514400785,"minimum":-0.2156984607519739,"minimum_absolute":0.057458416849983,"sample_count":512},"rest":{"maximum":0.06829441095445407,"mean_absolute":0.023085422880239962,"minimum":-0.006919342947870732,"minimum_absolute":4.839281974840584e-06,"sample_count":512}},"seed":102},{"condition":"off","margins":{"drink":{"maximum":0.09465339642865654,"mean_absolute":0.03207347202066443,"minimum":-0.02413812353195794,"minimum_absolute":0.005867792933374721,"sample_count":512},"eat":{"maximum":0.08231089374413499,"mean_absolute":0.046819070474215005,"minimum":-0.05781641259191766,"minimum_absolute":0.02550057015575491,"sample_count":512},"reproduce":{"maximum":-0.08557881616051512,"mean_absolute":0.1427359300911694,"minimum":-0.2156984607519739,"minimum_absolute":0.08557881616051512,"sample_count":512},"rest":{"maximum":0.06835953684501814,"mean_absolute":0.031719783526335345,"minimum":-0.006919342947870732,"minimum_absolute":1.4235330889018905e-05,"sample_count":512}},"seed":102},{"condition":"zero","margins":{"drink":{"maximum":0.09465339642865654,"mean_absolute":0.03207347202066443,"minimum":-0.02413812353195794,"minimum_absolute":0.005867792933374721,"sample_count":512},"eat":{"maximum":0.08231089374413499,"mean_absolute":0.046819070474215005,"minimum":-0.05781641259191766,"minimum_absolute":0.02550057015575491,"sample_count":512},"reproduce":{"maximum":-0.08557881616051512,"mean_absolute":0.1427359300911694,"minimum":-0.2156984607519739,"minimum_absolute":0.08557881616051512,"sample_count":512},"rest":{"maximum":0.06835953684501814,"mean_absolute":0.031719783526335345,"minimum":-0.006919342947870732,"minimum_absolute":1.4235330889018905e-05,"sample_count":512}},"seed":102},{"condition":"on","margins":{"drink":{"maximum":0.05478952886303469,"mean_absolute":0.027661010036345128,"minimum":0.008026280451315808,"minimum_absolute":0.008026280451315808,"sample_count":512},"eat":{"maximum":0.07545491748720382,"mean_absolute":0.02635596126491077,"minimum":-0.033010594377310784,"minimum_absolute":0.007531859367968183,"sample_count":512},"reproduce":{"maximum":-0.028388476930467074,"mean_absolute":0.07867853878708397,"minimum":-0.18360799732933172,"minimum_absolute":0.028388476930467074,"sample_count":512},"rest":{"maximum":0.05243145024864912,"mean_absolute":0.03060720152483668,"minimum":0.010935354456393754,"minimum_absolute":0.010935354456393754,"sample_count":512}},"seed":103},{"condition":"off","margins":{"drink":{"maximum":0.05478952886303469,"mean_absolute":0.031394189139756744,"minimum":0.01266515742180405,"minimum_absolute":0.01266515742180405,"sample_count":512},"eat":{"maximum":0.07545491748720382,"mean_absolute":0.03239098488563658,"minimum":-0.03301800948737425,"minimum_absolute":0.007714034751067815,"sample_count":512},"reproduce":{"maximum":-0.032291689867128236,"mean_absolute":0.09711655794574492,"minimum":-0.18360799732933172,"minimum_absolute":0.032291689867128236,"sample_count":512},"rest":{"maximum":0.05243145024864912,"mean_absolute":0.035666830076859016,"minimum":0.020508808592257594,"minimum_absolute":0.020508808592257594,"sample_count":512}},"seed":103},{"condition":"zero","margins":{"drink":{"maximum":0.05478952886303469,"mean_absolute":0.031394189139756744,"minimum":0.01266515742180405,"minimum_absolute":0.01266515742180405,"sample_count":512},"eat":{"maximum":0.07545491748720382,"mean_absolute":0.03239098488563658,"minimum":-0.03301800948737425,"minimum_absolute":0.007714034751067815,"sample_count":512},"reproduce":{"maximum":-0.032291689867128236,"mean_absolute":0.09711655794574492,"minimum":-0.18360799732933172,"minimum_absolute":0.032291689867128236,"sample_count":512},"rest":{"maximum":0.05243145024864912,"mean_absolute":0.035666830076859016,"minimum":0.020508808592257594,"minimum_absolute":0.020508808592257594,"sample_count":512}},"seed":103}],"sensitivity_config_id":"bf302b3301a00cb047c886611c8cf341c4e9ee3ba2e6306c54378d565fd862a3"}
