{"eligibility_rule":"action_activation","experiment_type":"lifetime_learning_diagnostics","fixture_version":1,"founder_genome":{"basal_energy_rate":0.3,"basal_hydration_rate":0.2,"brain_hidden_size":4,"brain_priors":[0.0911764705882353,-0.0519607843137255,0.0911764705882353,0.09901960784313724,0.04411764705882354,-0.020588235294117657,-0.2284313725490196,0.0911764705882353,0.24607843137254903,0.061764705882352944,-0.09313725490196079,0.18333333333333335,-0.05784313725490195,0.24411764705882355,-0.14411764705882352,0.19509803921568625,-0.04607843137254902,0.18137254901960786,-0.010784313725490186,0.19509803921568625,0.1519607843137255,0.07941176470588235,-0.11470588235294119,-0.2303921568627451,0.08921568627450982,-0.04999999999999999,-0.04215686274509803,-0.2088235294117647,0.1264705882352941,0.14803921568627448,-0.2068627450980392,-0.17941176470588235,0.14215686274509803,0.04019607843137257,-0.1519607843137255,-0.2147058823529412,0.18725490196078431,-0.11666666666666667,0.1715686274509804,-0.1284313725490196,0.11470588235294116,0.1264705882352941,0.016666666666666663,0.22254901960784312,-0.17549019607843136,-0.2303921568627451,-0.23627450980392156,-0.18333333333333335,-0.16176470588235292,0.21862745098039216,-0.22058823529411764,-0.146078431372549,0.1892156862745098,-0.1480392156862745,0.06568627450980391,0.05784313725490198,0.14803921568627448,0.23431372549019608,-0.002941176470588225,-0.08137254901960783,0.16764705882352943,0.09509803921568627,-0.17745098039215684,-0.11470588235294119,0.10490196078431374,-0.1696078431372549,0.02058823529411763,0.22843137254901963,-0.1264705882352941,0.055882352941176494,-0.23627450980392156,-0.2303921568627451,-0.03823529411764706,0.24803921568627452,0.08921568627450982,0.15784313725490196,-0.06372549019607843,0.0303921568627451,0.1715686274509804,-0.06568627450980391,-0.2284313725490196,-0.10882352941176471,0.038235294117647034,0.10490196078431374,0.1892156862745098,-0.09705882352941175,-0.18725490196078431,-0.24019607843137256,-0.22647058823529412,0.04607843137254902],"eligibility_trace_decay":0.9,"fertility_energy_fraction":0.65,"homeostatic_energy_weight":1.0,"homeostatic_hydration_weight":1.0,"homeostatic_injury_weight":-1.0,"max_energy":100.0,"max_hydration":100.0,"max_speed":1.0,"max_turn_rate":3.141592653589793,"movement_energy_rate":0.3,"mutation_scale":0.0,"offspring_energy_fraction":0.2,"plasticity_rate":0.25,"schema_version":2,"segment_count":4,"segment_length":0.25},"founder_positions":[[4.6726650869615725,5.677543294266554],[4.75431984225909,3.9922496729509787],[2.486723275044861,7.417649052885943],[7.558930919793692,4.335714671516987]],"plasticity_enabled":true,"reproduction":{"cooldown_seconds":8.0,"heritability_enabled":true,"interaction_radius":0.5,"maximum_compatibility_distance":0.2,"maximum_population":16,"minimum_age_seconds":8.0,"mode":"asexual","mutation_enabled":false},"resources":{"drink_rate":0.5,"eat_rate":0.5,"food_assimilation_efficiency":0.8,"food_energy":200.0,"food_x":7.3231150503563125,"food_y":2.7581769337450215,"interaction_radius":0.35,"sensor_range":5.0,"water_amount":200.0,"water_x":5.082895095414232,"water_y":5.554366010361689},"schema_version":2,"seed":401,"snapshot_interval":8,"step_count":384,"world":{"height_meters":10.0,"timestep_seconds":0.5,"width_meters":10.0}}
