{"acceptance_passed":false,"control_extinction_fraction":0.8,"criteria":{"maximum_learning_extinction_fraction":0.0,"minimum_control_extinction_fraction":0.4,"minimum_energy_ci_lower":0.0,"minimum_population_ci_lower":0.0,"minimum_population_mean_advantage":1.0,"minimum_seed_win_fraction":1.0},"energy_statistics":{"ci_lower":0.03033166261088103,"ci_upper":0.08017710520173542,"confidence_level":0.95,"mean":0.06125324743180214,"paired_differences":[0.08488255673082679,0.06851438638530681,0.07582915652720257,0.0,0.07704013751567451]},"learning_extinction_fraction":0.2,"population_statistics":{"ci_lower":1.2,"ci_upper":3.6,"confidence_level":0.95,"mean":2.6,"paired_differences":[3.0,4.0,3.0,0.0,3.0]},"records":[{"conditions":{"legacy":{"config_id":"3c8cb1c9ec1085f08854f3da404075bef8190cc74892add039d8bd5b9d80fea7","event_hash":"ac8f7a68b1c3de32ff65cde3c65649b91f304792c0f1b21b8c940d057bd7faf1","outcomes":{"births":2,"deaths":4,"extinct":false,"final_population":2,"mean_energy_fraction":0.08985666446163464,"surviving_descendants":0}},"off":{"config_id":"3f774466fa9bd4fc1f089d707c40c6d454c92b37130e18042995d207a27c080b","event_hash":"6f9956ca22dfd1049206b085cb66f4f9cbedc36027f374bfba9dbbac3eddcec8","outcomes":{"births":2,"deaths":5,"extinct":false,"final_population":1,"mean_energy_fraction":0.00016732306706885913,"surviving_descendants":0}},"on":{"config_id":"d62a3eea1a4cd5f3bfc2637a10f88ee610480691c736510e7c5e26eaabd15f26","event_hash":"7ad76639c312cec15e45cd5032371de451ee7e91db9e9d4b13651620634f08b0","outcomes":{"births":0,"deaths":0,"extinct":false,"final_population":4,"mean_energy_fraction":0.08504987979789565,"surviving_descendants":0}},"zero":{"config_id":"013916aca94f02457e98da3627ecc6f07170d3cbaf55817f9d276c6e6c61b89f","event_hash":"9e23ce7fa0bdd61d1bb3be18a0b4b5b664aeffc35067e3f4229f53216cf75813","outcomes":{"births":2,"deaths":5,"extinct":false,"final_population":1,"mean_energy_fraction":0.00016732306706885913,"surviving_descendants":0}}},"off_zero_identical":true,"population_difference":3,"seed":301},{"conditions":{"legacy":{"config_id":"2b65a0f50ec0d3bbab67ce1d43cb3b0f33da23531e09201304e5caa591603a07","event_hash":"bf5dcccbd9a5ded16bb0798599ec6269e725f933549933b57926a523f460a7aa","outcomes":{"births":0,"deaths":0,"extinct":false,"final_population":4,"mean_energy_fraction":0.06851438638530681,"surviving_descendants":0}},"off":{"config_id":"8a4f60f4284936daf6f055eac54d2cc69be008c0a00be787216854242be9762e","event_hash":"95811fd4a2fff2e78985856102727509c452faba317814a8cc0e3c836366b222","outcomes":{"births":0,"deaths":4,"extinct":true,"final_population":0,"mean_energy_fraction":0.0,"surviving_descendants":0}},"on":{"config_id":"7464ef76e220fa9c4a386e0f5c3c8ad1a0e56e37ddb0d6e97a0e4b693a52dc14","event_hash":"967dd05b358562a5d962740d5dd0ef29fa135e316587ae0903b571c4fd199a6b","outcomes":{"births":0,"deaths":0,"extinct":false,"final_population":4,"mean_energy_fraction":0.06851438638530681,"surviving_descendants":0}},"zero":{"config_id":"526034f4d8def3d287ead1b0e2598510039bf303c0f4b553117f1b58a73a8c79","event_hash":"b23abb8d187a304afb619e07b3895ce1487ca08e1f8aa9222f99329c4e53fdf7","outcomes":{"births":0,"deaths":4,"extinct":true,"final_population":0,"mean_energy_fraction":0.0,"surviving_descendants":0}}},"off_zero_identical":true,"population_difference":4,"seed":302},{"conditions":{"legacy":{"config_id":"b08b2852fec98bf6467b2887f2550ec34a1d70e1f6f89762e2d2a8e6e857ec7a","event_hash":"920202ffb3b78282c9480b9f62b2894a1d50787c4e16688de9adb52d0d8332cd","outcomes":{"births":1,"deaths":2,"extinct":false,"final_population":3,"mean_energy_fraction":0.07609603248433844,"surviving_descendants":0}},"off":{"config_id":"9062e5efcb1f0d57118250bc6928ee126b5e8f89ac0ea743436c58eb51cba80d","event_hash":"47458891d750a9a886e096890b793cb839142413caba7eebf027ed69955cbb38","outcomes":{"births":1,"deaths":5,"extinct":true,"final_population":0,"mean_energy_fraction":0.0,"surviving_descendants":0}},"on":{"config_id":"464c66fed846e4ec13257eb319a3d77fdf93b2dc3d3af23fbcdd144e8d654c94","event_hash":"1c6683e37783403c4e13b274bd51804b754837c56bbb6bbc2fb584b84ceae761","outcomes":{"births":1,"deaths":2,"extinct":false,"final_population":3,"mean_energy_fraction":0.07582915652720257,"surviving_descendants":0}},"zero":{"config_id":"7ab227ee59ea55fede52b69cc9b8e801fb4de31e5dccf5059db5a9a60d95f906","event_hash":"de5a2274bbeb11c1a51b99236a35b787edeab951a6e4057227417684cfd985d9","outcomes":{"births":1,"deaths":5,"extinct":true,"final_population":0,"mean_energy_fraction":0.0,"surviving_descendants":0}}},"off_zero_identical":true,"population_difference":3,"seed":303},{"conditions":{"legacy":{"config_id":"b5722111fcc3f2b6eb1d13189df2df9c1f1dffed14c3c33c063d32f9f3451e6c","event_hash":"1afa27ef2b61b6bfa3fd3b2ee4d024e98c5747bb7c20629d57fc990aa90e0386","outcomes":{"births":4,"deaths":8,"extinct":true,"final_population":0,"mean_energy_fraction":0.0,"surviving_descendants":0}},"off":{"config_id":"2919f8887486115f097de7dbd4693bd08e0ef09630f9ff8f17ce7a5532b520bc","event_hash":"d680483cbd205afcae289a11c262c3c95e449db82f5c5cacc66dfd121b6a9efc","outcomes":{"births":4,"deaths":8,"extinct":true,"final_population":0,"mean_energy_fraction":0.0,"surviving_descendants":0}},"on":{"config_id":"b431b21d317172fa91d5290f8fe3c1dbe832f1515b05b07b7204fa4295601bc0","event_hash":"9b1dd15e59c11835e899b3f4ce9645f7f090a4ab71286a51cd47b70f6f394bd3","outcomes":{"births":4,"deaths":8,"extinct":true,"final_population":0,"mean_energy_fraction":0.0,"surviving_descendants":0}},"zero":{"config_id":"bcafdf8fe5d19503d5ca4b57112400457ab8c79a191e8b5611bae269a4025c97","event_hash":"09bbe24ce3097da851ff8a8adf6ac3c2f39a202fdf3aacc460c76c7e620d779d","outcomes":{"births":4,"deaths":8,"extinct":true,"final_population":0,"mean_energy_fraction":0.0,"surviving_descendants":0}}},"off_zero_identical":true,"population_difference":0,"seed":304},{"conditions":{"legacy":{"config_id":"ca47586009055624854dae563339fb2cff284efb83c6c7c6ba5e90a88728b598","event_hash":"355389307d11798e4e127f487723a24fa97b5059e06c7182632d51d6265ba7fd","outcomes":{"births":1,"deaths":2,"extinct":false,"final_population":3,"mean_energy_fraction":0.07704013751567451,"surviving_descendants":0}},"off":{"config_id":"0b3014a1f438ec2d839330e2fc3931f87eb28309da65d602d65cfcaa7cd52fbb","event_hash":"6059a48db9aed93f86b0952ecc4224e6b7bc95da7a353cdc1ba061a378523880","outcomes":{"births":1,"deaths":5,"extinct":true,"final_population":0,"mean_energy_fraction":0.0,"surviving_descendants":0}},"on":{"config_id":"7a062732c0b31dfa91a049c589f7e078c71550d115b1d6d4a21d61ef58dd98f9","event_hash":"cb5a9d80c51bd5cb7c76f55d5fa2cb38ec8d86ca11568227a08f8bf0cf462882","outcomes":{"births":1,"deaths":2,"extinct":false,"final_population":3,"mean_energy_fraction":0.07704013751567451,"surviving_descendants":0}},"zero":{"config_id":"87faca7fe1587caa227a9dc5a987d9fe8d4ad41ecd0a5ed91ab14f8e8d2ada6c","event_hash":"735cd292f95c4013ee3761baccd1ea0b7dea7f8390df082ace6cad8ae4005068","outcomes":{"births":1,"deaths":5,"extinct":true,"final_population":0,"mean_energy_fraction":0.0,"surviving_descendants":0}}},"off_zero_identical":true,"population_difference":3,"seed":305}],"survival_gate_config_id":"49aa29a2c93825536789a87625f3df873bd653dece1f157554c9b16233d63f9a","win_fraction":0.8,"zero_controls_identical":true}
