{"acceptance_passed":true,"control_extinction_fraction":0.4,"criteria":{"maximum_learning_extinction_fraction":0.0,"minimum_control_extinction_fraction":0.4,"minimum_energy_ci_lower":0.0,"minimum_population_ci_lower":0.0,"minimum_population_mean_advantage":1.0,"minimum_seed_win_fraction":1.0},"energy_statistics":{"ci_lower":0.008212209694103906,"ci_upper":0.02560086408894993,"confidence_level":0.95,"mean":0.017126347492499628,"paired_differences":[0.02416686276153425,0.03133686939861267,0.0014398388888186668,0.01611349737100327,0.012574669042529275]},"learning_extinction_fraction":0.0,"population_statistics":{"ci_lower":2.2,"ci_upper":3.4,"confidence_level":0.95,"mean":2.8,"paired_differences":[2.0,4.0,3.0,3.0,2.0]},"records":[{"conditions":{"legacy":{"config_id":"cd7342680f782fd4c04a7ff758321014f644b6647d0b46db8105b2cec094e932","event_hash":"5519d7116596f46ceddf3a7643856e7027a61f135253bec4d3bed5312fbb7e75","outcomes":{"births":2,"deaths":4,"extinct":false,"final_population":2,"mean_energy_fraction":0.02416686276153425,"surviving_descendants":0}},"off":{"config_id":"7ec97a5531d64f5f5c8cf96731ea1bf47f76670ab08f42713a63f2aa1b35cef5","event_hash":"200077cc8ee9f34c955c9409f6dcdc68e30130e3427b5ae5a42b46bde8688a5c","outcomes":{"births":2,"deaths":6,"extinct":true,"final_population":0,"mean_energy_fraction":0.0,"surviving_descendants":0}},"on":{"config_id":"235d1d0b8ea571aa1eb5e3fd35e8e505b4f6a1ed32a64216e9b8ba44ec36f09b","event_hash":"cf9cc040456aefaf01bde004c157f59d8838cedbb0cf1726678bdb639c504da2","outcomes":{"births":2,"deaths":4,"extinct":false,"final_population":2,"mean_energy_fraction":0.02416686276153425,"surviving_descendants":0}},"zero":{"config_id":"7b5420a33e41eb7cc4f0dee6976939149df231755b7bbe188dfe46be4a98270f","event_hash":"802442ef942bf6f6252e13a984fa737e0619efbbd7ce0db0797124ceed474696","outcomes":{"births":2,"deaths":6,"extinct":true,"final_population":0,"mean_energy_fraction":0.0,"surviving_descendants":0}}},"off_zero_identical":true,"population_difference":2,"seed":501},{"conditions":{"legacy":{"config_id":"4d3b4a44fa707676840710a016bbeb6c0c58693625a8e73d3fd537c4bf007f79","event_hash":"65d66f7a4f9613adbd5d7c4041cd03372be1ee8b3852fba61c65bd3de7e3ad46","outcomes":{"births":2,"deaths":4,"extinct":false,"final_population":2,"mean_energy_fraction":0.017001694382244463,"surviving_descendants":0}},"off":{"config_id":"e78e1c148355f6c3f37c0c5a218f00286f2b9c99aabac1dd8704542ac1e2c671","event_hash":"bb3287a1ba42c9089f82498acfa3f911ccb28577d4c73daf2e5e0c3b9eb0a62b","outcomes":{"births":2,"deaths":6,"extinct":true,"final_population":0,"mean_energy_fraction":0.0,"surviving_descendants":0}},"on":{"config_id":"800b2a4647ec114fdc55ed2ade265dc44d50b319438f22d21842f5cac8b70759","event_hash":"ae60b33d24a2db22e0b588adf9bba37c8db915af9ff6f1be66156322d266f66c","outcomes":{"births":0,"deaths":0,"extinct":false,"final_population":4,"mean_energy_fraction":0.03133686939861267,"surviving_descendants":0}},"zero":{"config_id":"6770f97ea4453bc362ed691b019d1c497adbf80dd6d89f01eec884a52d6578cd","event_hash":"9796fc19d64060df693b074c94d1e32de54b35fccf8aecb485263fb5716b6156","outcomes":{"births":2,"deaths":6,"extinct":true,"final_population":0,"mean_energy_fraction":0.0,"surviving_descendants":0}}},"off_zero_identical":true,"population_difference":4,"seed":502},{"conditions":{"legacy":{"config_id":"7f736142f22d15e361eac4e573ef0a6c54de2d95e41b97961d6ec3c378c51557","event_hash":"e7fd327554125ec75ed31fa7c817396335d6aa28501f1b12941952061c410aab","outcomes":{"births":0,"deaths":0,"extinct":false,"final_population":4,"mean_energy_fraction":0.017956250870536095,"surviving_descendants":0}},"off":{"config_id":"14f8e9f00cd98e0c522143f05fff7f4c531f5e388d97d5aae41eb9224c74b942","event_hash":"0ef5d2523fb65f129089390b382112b56a15d527b0059da903ad13b15f2acd3d","outcomes":{"births":0,"deaths":3,"extinct":false,"final_population":1,"mean_energy_fraction":0.016516411981717428,"surviving_descendants":0}},"on":{"config_id":"55f2e38bdea732ee6a2dcbf85aae56645807f40ce6347fab68aaa394421e50e6","event_hash":"cec0d4100afcc99bc3d3c01a3989c61a908e624e145ab62a8d69c31b0f3f2c16","outcomes":{"births":0,"deaths":0,"extinct":false,"final_population":4,"mean_energy_fraction":0.017956250870536095,"surviving_descendants":0}},"zero":{"config_id":"15ec03f6013d8a4b2f13630ab03af9f9735beb63a68015b88ba5617d915cb08c","event_hash":"f7f6c8cc9230c66e7cc0851aa3f3473f56fa98c941df1595287de54c870c8fb1","outcomes":{"births":0,"deaths":3,"extinct":false,"final_population":1,"mean_energy_fraction":0.016516411981717428,"surviving_descendants":0}}},"off_zero_identical":true,"population_difference":3,"seed":503},{"conditions":{"legacy":{"config_id":"be8e5f1fa0c8d9aeaed7f8dda02d3d159950963d03dca27368bdf0970a50e910","event_hash":"1a6d6e53cfae811c49851b24879f8060257e66f048f09202bb05f9a1ee6d3e13","outcomes":{"births":0,"deaths":0,"extinct":false,"final_population":4,"mean_energy_fraction":0.016558094940006665,"surviving_descendants":0}},"off":{"config_id":"0fdcadf99c77c48230f73492d57570dacbe4e8a77cc56cbbb0438a072884041b","event_hash":"469c6814b5e74ebe4bf093cfd1d8db6555a7dbe55970329edda993e352c3edac","outcomes":{"births":0,"deaths":3,"extinct":false,"final_population":1,"mean_energy_fraction":0.0004445975690033957,"surviving_descendants":0}},"on":{"config_id":"1b6105523ba43c75e2b2f4a5b48c4fd3fc61a27e65bf46910b61b37f4b0177e7","event_hash":"1fb04bec0190142c4d05def3c233fc8738c5fbc92c0543895e55537835bc8f64","outcomes":{"births":0,"deaths":0,"extinct":false,"final_population":4,"mean_energy_fraction":0.016558094940006665,"surviving_descendants":0}},"zero":{"config_id":"13ac23163747a2cc48b16b9c21024b769d765eb54ceb4ad0b93f1dcdb9a752c3","event_hash":"ca534a11064c964340da241e22814387897853905d83cb91f5472efb29aef02c","outcomes":{"births":0,"deaths":3,"extinct":false,"final_population":1,"mean_energy_fraction":0.0004445975690033957,"surviving_descendants":0}}},"off_zero_identical":true,"population_difference":3,"seed":504},{"conditions":{"legacy":{"config_id":"0f0930c6c37d6c1eebbdb54f329795a2c482faee1e880512a7800f47c4f9a01a","event_hash":"9fc3f7d8b0258aa4a4f51b8113bd8dc34a9d4d69dc2bcd534cc4af41d695ffc2","outcomes":{"births":1,"deaths":2,"extinct":false,"final_population":3,"mean_energy_fraction":0.021898611904256005,"surviving_descendants":0}},"off":{"config_id":"3aa70cb35e48b6877340348c73931b6b865922973a93041d4cd954c5f193b6f9","event_hash":"c718011ad237e9038dbab35b04c37876a780d7391fa1077f9232e9784d8e5362","outcomes":{"births":1,"deaths":4,"extinct":false,"final_population":1,"mean_energy_fraction":0.00932394286172673,"surviving_descendants":0}},"on":{"config_id":"42033c6606759badc80ce3658d6f9e25ee7d9ba899f10306427dde90096e2d66","event_hash":"9ba47f579f7b85dd392a98cdc43f90de1cfa42539e58f00dfe10051ab578bbf7","outcomes":{"births":1,"deaths":2,"extinct":false,"final_population":3,"mean_energy_fraction":0.021898611904256005,"surviving_descendants":0}},"zero":{"config_id":"0f17457b2127ee523fd64333bf3294d60d3c00fe95bece10266bb5c5964a4a28","event_hash":"bc3c972bfc12cf7d544f86ac3b4e812c74a0ae5cf97f763b10392ac464a0ec05","outcomes":{"births":1,"deaths":4,"extinct":false,"final_population":1,"mean_energy_fraction":0.00932394286172673,"surviving_descendants":0}}},"off_zero_identical":true,"population_difference":2,"seed":505}],"survival_gate_config_id":"2ce5947b237602de545c4893c18087bc2b4ecee4dac8b14c2547a0d71a9ae070","win_fraction":1.0,"zero_controls_identical":true}
